action,att,att_img,action_description,icon_action,img_action,action_type,img_action_type,action_type1,action_type2,action_type3,counter,has_bonus,opp_has_bonus,action_condition,action_formula_lit,action_formula_array,action_energy,resultminus3,resultminus2,resultminus1,result3,result1,result2,result3,action_group_possib,action_detail
ATACAR,INS,ğŸ”¥,"AgressÃ£o fÃ­sica direta ou com feitiÃ§os ou armas, no calor do momento.",,,AÃ§Ã£o,,âš”,,,DEF,,,Esta modalidade de combate foca em causar DANO.,INS + ProficiÃªncia com FeitiÃ§o ou Arma + BÃ´nus +  1d3Fixo,,2âš¡,"VocÃª se machuca, recebendo 2 de dano, e gastando 2 Energia.","VocÃª se machuca, recebendo 1 de dano e gastando 1 Energia.","VocÃª nÃ£o consegue atingir o alvo, e perde 1 Energia.","VocÃª nÃ£o consegue penetrar as defesas do adversÃ¡rio, mas uma versÃ£o fraca do Efeito do seu ataque ocorre, mas sem tirar dano.",1x o dano do feitiÃ§o ou golpe no adversÃ¡rio.,"1x o dano no adversÃ¡rio, mais o Efeito do seu ataque.",2x de dano no adversÃ¡rio mais Efeito.,ğŸ¤,
BLOQUEAR / CONTRA-ATACAR,INS,ğŸ”¥,"Mitigar o ataque do adversÃ¡rio, com chance de devolver o DANO parcialmente ou integralmente. ",,,AÃ§Ã£o,,âš”,ğŸ›¡,â­¯,DEF,"Alerta, Ãgil",Focado,Esta modalidade de combate foca em evitar DANO e ter a chance de refletir ou revidar.,INS + ProficiÃªncia com FeitiÃ§o ou Arma / Valor de DEF + BÃ´nus +  1d3Fixo,,2âš¡,"Na sua tentativa de contratacar, vocÃª se expÃµe, e errando o contragolpe, acaba se machucando mais do que teria se sÃ³ tivesse resistido ou se defendido.","VocÃª perde o timing e acaba levando o golpe antes que possa se defender, e gasta 1 Energia.",VocÃª consegue bloquear apenas metade do efeito/dano do golpe.,"VocÃª bloqueia o dano, porÃ©m sem causar nada no adversÃ¡rio.","Sua defesa dissipa 50% do dano e efeito do adversÃ¡rio, e gastando mais 1 Energia vocÃª manda de volta para ele os 50% restantes. Por 2 Energia, vocÃª pode escolher algum outro golpe para mandar no lugar, com chance de defesa do adversÃ¡rio.",Bloqueia 100% do ataque e efeito do seu adversÃ¡rio.,"Com timing perfeito, neutraliza a investida do seu adversÃ¡rio e contrataca sem que ele possa se defender, refletindo o dano e o efeito originais imediatamente.",ğŸ¤,
INTERROMPER,INS,ğŸ”¥,Realizar um ataque defensivo a impedir o proveniente do seu adversÃ¡rio.,,,AÃ§Ã£o,,âš”,â­¯,,DEF,"Alerta, Ãgil","Alerta, Ãgil","Precisa estar preparado, desconfiado, ou jÃ¡ engajado em combate. Com sucesso de +2 ou mais, seu golpe foi anterior ao do adversÃ¡rio que jÃ¡ atacou.",INS + BÃ´nus +  1d3Fixo (sem adicionar ProficiÃªncia),,4âš¡,"Erra a execuÃ§Ã£o do golpe, e produz algo inesperado, sofrendo um efeito negativo e perdendo a prÃ³xima vez",Sofre o efeito e perde a prÃ³xima vez,"Perde a vez, errando o golpe ou feitiÃ§o","Consegue executar o golpe ou feitiÃ§o e seu adversÃ¡rio sofrerÃ¡ o efeito, mas vocÃª tambÃ©m receberÃ¡ o golpe do inimigo, tendo errado o timing.","Consegue atingir seu feitiÃ§o no adversÃ¡rio, porÃ©m depois dele jÃ¡ ter executado sua aÃ§Ã£o.",Realiza o efeito desejado do feitiÃ§o ou golpe.,"1x Dano mais efeito. VocÃª ganha mais uma vez, agindo rÃ¡pida e decisivamente.",âŒ,
RESISTIR IMPACTO,INS,ğŸ”¥,TolerÃ¢ncia Ã  dor e resistÃªncia fÃ­sica. Ã‰ a DEF quando nenhuma AÃ§Ã£o de DEF pode ser realizada.,,,Rolagem Passiva,,ğŸ›¡,,,ATK,Tiver Armadura ou Escudo,,,"PASS: POR + Armadura + BÃ´nus + 1d3Fixo
ATV: POR + 1d(INS) + BÃ´nus + 1d3Fixo",,,Perde 4 pontos de vida e desmaia de dor.,Perde 3 pontos de vida e fica com -1d3 para qualquer aÃ§Ã£o seguinte.,Perde 2 pontos de vida e fica atordoado por um round inteiro.,"Perde 1 ponto de vida e fica levemente atordoado, perdendo sua vez, mas podendo agir apÃ³s o seguinte Ã  sua vez.","NÃ£o perde nenhum ponto de vida, mas gasta 1 Energia e fica levemente Atordoado.",NÃ£o perde nenhum ponto de vida.,"NÃ£o perde nenhum ponto de vida, e milagrosamente o impacto que recebe lhe dÃ¡ mais forÃ§as ainda (+1d3) para contratacar.",âŒ,
ARREMESSAR,INS,ğŸ”¥,"LanÃ§ar objetos, projÃ©teis e armas.",,,AÃ§Ã£o,,âš”,,,DEF,Focado,Alvo estiver em movimento,A dificuldade do teste Ã© de acordo com o Porte e distÃ¢ncia do item.,,, 1âš¡,"Erra o alvo e acaba se machucando no processo, perdendo 2 PdV.",Erra o alvo e fica impossibilitado de tentar de novo.,NÃ£o consegue alcanÃ§ar o alvo por 1 triz. Pode tentar de novo na prÃ³xima vez.,"Seu projÃ©til chega no alvo, mas com pouca forÃ§a, dando ao alvo +1d3 para se defender. Se a defesa do adversÃ¡rio for um contra-ataque, ver resultado da aÃ§Ã£o CONTRA-ATAQUE.","Faz o item alcanÃ§ar seu alvo, porÃ©m numa segunda tentativa e/ou usando o dobro da Energia.","LanÃ§a o item na direÃ§Ã£o que deseja, fazendo-o alcanÃ§ar seu alvo.","LanÃ§a o objeto no alvo, a causa 2x o dano, ou tem uma surpresa positiva.",âŒ,
CARREGAR / FORÃ‡A,INS,ğŸ”¥,Levantar ou mover objetos pesados.,,,AÃ§Ã£o,,,,,NarraÃ§Ã£o ,,Peso,A dificuldade do teste Ã© de acordo com o Porte do item.,,,2âš¡,"Se machuca seriamente. Perde HP, fica com status de Sangrando perde 2 Energia.",Se machuca nÃ£o muito seriamente. Perde um pouco de HP e 1 Energia.,"NÃ£o consegue empurrar ou levantar o que estÃ¡ tentando. Ainda assim, gasta 1 Energia.","Percebe que estÃ¡ prestes a conseguir, mas com algum estÃ­mulo, ajuda ou mecanismo externo pode conseguir a forÃ§a que falta.","Carrega com algum esforÃ§o, gastando 1 Energia.",Carrega com pouco esforÃ§o.,Carrega com facilidade.,ğŸ¤,
ESCALAR,INS,ğŸ”¥,Subir superfÃ­cies Ã­ngremes ou paredes.,,,AÃ§Ã£o,,,,,NarraÃ§Ã£o ,,,A dificuldade do teste Ã© de acordo com o desafio do terreno ou obstÃ¡culo.,,,2âš¡,"Sofre uma queda grave ou acidente, resultando em ferimentos graves.","Antes de conseguir alcanÃ§ar a regiÃ£o necessÃ¡ria, sofre uma queda nÃ£o muito sÃ©ria e ferimentos leves.","NÃ£o consegue encontrar um ponto de apoio adequado, tornando a escalada impossÃ­vel.","A escalada Ã© bem-sucedida, mas leva mais tempo do que o esperado.","Enfrenta dificuldades, mas consegue recuperar o equilÃ­brio e continuar a escalada, ao gastar 2 Energia.","O jogador completa a escalada com sucesso, atingindo o objetivo planejado gastando apenas 1 Energia.","VocÃª escala com maestria, sem gastar energia em excesso, e pode encontrar algo valioso no caminho.",âŒ,
INICIATIVA / ALCANÃ‡AR,INS,ğŸ”¥,"Iniciativa: Determina a rapidez na tomada de aÃ§Ãµes em combate. Para disputar a ordem da vez de cada personagem na rodada, ou tentar interromper a sequÃªncia.

AlcanÃ§ar: Habilidade de correr atÃ© objetos ou criaturas distantes ou agarrar algo em movimento.",,,"AÃ§Ã£o, AÃ§Ã£o BÃ´nus",,â«,â­¯,,Iniciativa / AlcanÃ§ar,Alerta,Alerta,"A qualquer momento, gaste 2 Energia  para cortar a vez nos turnos. Com sucesso de +1 ou mais em Iniciativa, vocÃª corta a aÃ§Ã£o na frente do personagem da vez.",,,4âš¡*,"Iniciativa: Se precipita e perde o timing, o fazendo cair, tropeÃ§ar assim se machucar e perder a prÃ³xima vez.
AlcanÃ§ar: AlÃ©m de gastar muita energia (2) e fracassar em alcanÃ§ar o alvo, vocÃª cai e se machuca, ou derruba e quebra algo importante.","Iniciativa:  Se precipita e perde o timing, perdendo a sua prÃ³xima vez.
AlcanÃ§ar:  NÃ£o consegue alcanÃ§ar o alvo e gasta mais 1 Energia.","Iniciativa:  Seu adversÃ¡rio ganha a vez ou vocÃª nÃ£o consegue interromper a sequÃªncia de aÃ§Ãµes.
AlcanÃ§ar:  EstÃ¡ bem prÃ³ximo de alcanÃ§ar o alvo, porÃ©m sem conseguir alcanÃ§Ã¡-lo.","Iniciativa:  Consegue cortar a vez seguinte, nÃ£o esta de agora.
AlcanÃ§ar:  EstÃ¡ pau a pau com o alvo, sem que nenhum dos dois consigam se tocar.","Iniciativa:  Consegue cortar a vez e realizar sua nova aÃ§Ã£o, gastando 1 Energia.
AlcanÃ§ar:  AlcanÃ§a o alvo por trÃ¡s numa distÃ¢ncia suficiente para engajar com ele.","Iniciativa:  Consegue cortar a vez e realizar sua nova aÃ§Ã£o.
AlcanÃ§ar:  Ultrapassa o alvo, podendo engajar com ele pela frente.","Iniciativa:  Consegue cortar a vez e terÃ¡ +1d3 para realizar a prÃ³xima aÃ§Ã£o.
AlcanÃ§ar:  Ultrapassa o alvo, podendo engajar com ele pela frente, e faz o adversÃ¡rio gastar 2 energias.",âŒ,
INTIMIDAR,INS,ğŸ”¥,"AmeaÃ§ar ou assustar, fazendo alvo ceder (ser convencido) ou fugir.",,,AÃ§Ã£o BÃ´nus,,ğŸ’¬,â«,,Desafiar,Porte ou hierarquia superior,Porte ou hierarquia superior,,BÃ´nus em PersuasÃ£o ou ,,1âš¡,"Alvo desmoraliza vocÃª, que acaba ficando intimidado no lugar dele, e deverÃ¡ acatar o que ele quer. Ele fica hostil e ofendido.","Seu alvo nÃ£o compra sua investida, e se torna hostil e pronto para atacar ou punir.","Seu alvo fica hesitante, mas finalmente decide nÃ£o aceitar. Ele permanece na sua instÃ¢ncia sem atacar nem recuar.","Seu alvo estÃ¡ Ã  beira de recuar, mas ainda precisa de alguma influÃªncia externa.","Alvo fica parcialmente intimidado, e aceita fazer o que vocÃª quer se for algo razoÃ¡vel, embora contrariado e somente na sua frente.","Alvo fica impressionado e amedrontado por vocÃª, e aceitarÃ¡ o que vocÃª propÃµe, mas afrontado.","Alvo fica impressionado por vocÃª e lhe respeita, fazendo o que vocÃª deseja sem mais estar contrariado.",âš–ï¸,
DESAFIAR,INS,ğŸ”¥,ResistÃªncia mental contra ameaÃ§as ou provocaÃ§Ãµes.,,,Rolagem Passiva,,ğŸ”’,,,Intimidar,Estresse,seu personagem tiver Medo,,,,1âš¡,"Seu personagem foge, ou Ã© obrigado a acatar o que a IntimidaÃ§Ã£o do inimigo demanda.","Seu personagem, alÃ©m de ceder totalmente Ã  IntimidaÃ§Ã£o, fica se sentido desmoralizado e com medo. Status: Medo ou Estresse.","Seu personagem resiste mas fica intimidado pelo adversÃ¡rio; vocÃª deverÃ¡, na frente da pessoa pelo menos, fazer o que ela demanda, e sÃ³ agir contrÃ¡rio a ela quando seu personagem nÃ£o souber que ela estÃ¡ por perto. ","A determinaÃ§Ã£o do jogador impressiona o intimidador minimamente, fazendo com que reconsiderem sua abordagem.","VocÃª resiste Ã  intimidaÃ§Ã£o atÃ© certo ponto; faz o que lhe Ã© demandado, mas tambÃ©m nÃ£o Ã© dissuadido de fazer o que vocÃª gostaria em seguida.",VocÃª resiste e nÃ£o precisa acatar as demandas de quem lhe estÃ¡ intimidando.,"Seu personagem nÃ£o teme a intimidaÃ§Ã£o, e ganha +1d3 para sua prÃ³xima aÃ§Ã£o contra este inimigo.",âš–ï¸,
FORÃ‡A DE VONTADE,INS,ğŸ”¥,ResistÃªncia mental e determinaÃ§Ã£o em nÃ£o mudar de ideia e persistir no que determinou.,,,Rolagem Passiva,,ğŸ”’,,,CONVENCIMENTO,Desconfiado,,,,,1âš¡,NÃ£o somente falha como fica totalmente desmoralizado (Estresse ou Culpa) e acaba se machucando ou machucando alguÃ©m. ,"VocÃª nÃ£o consegue resistir a investida do adversÃ¡rio, ou perde as esperanÃ§as, ficando preso num estado de Estresse ou Culpa atÃ© algo mudar na situaÃ§Ã£o.","Se esforÃ§a bastante, mas no final acaba cedendo.","Durante sua tentativa de prosseguir, acaba identificando alguma coisa fora do seu alcance para conseguir resistir. TerÃ¡ a chance de comunicar a alguÃ©m para receber ajuda.","Hesitando, vocÃª se mantÃªm firme na sua resoluÃ§Ã£o. Mas tem que fazer alguam concessÃ£o ou gasta 1 Energia.","VocÃª se mantÃªm firme, recuperando sua Energia (1) na sua autoconfianÃ§a.","Resiste qualquer investida mental. Ã‰ capaz de continuar o que estÃ¡ fazendo apesar do medo, inseguranÃ§a ou culpa. Inspira a todos os aliados presentes com +1d3 para a prÃ³xima aÃ§Ã£o pertinente ao uso da ForÃ§a de Vontade.",âŒ,
ORIENTAÃ‡ÃƒO / SOBREVIVÃŠNCIA,INS,ğŸ”¥,Navegar e encontrar direÃ§Ãµes em um lugar novo ou confuso.,,,"Rolagem Passiva, AÃ§Ã£o",,ğŸ’,â«,,NarraÃ§Ã£o ,Conhecer o Ambiente,,,,,,"EstÃ¡ completamente perdido, jÃ¡ gastou 3 Energia e nÃ£o conseguirÃ¡ sair de onde estÃ¡ a menos que algo externo aconteÃ§a. / Encontra algo danoso e Ã© obrigado a chegar mais perto ou ingerir.","EstÃ¡ bastante perdido, e precisarÃ¡ gastar 2 Energia e vencer uma rolagem de ForÃ§a de Vontade ou afim para nÃ£o perder o controle. / Encontra apenas algo potencialmente perigoso.","EstÃ¡ perdido, tem alguns elementos que dÃ£o alguma noÃ§Ã£o do caminho, mas teve que rodar muito para consegui-los. Gastou 2 Energias atÃ© agora, e se quiser sair deste lugar ou chegar atÃ© a interaÃ§Ã£o com outro personagem, precisarÃ¡ gastar mais 2 Energias. / Perde tempo e energia procurando mas nÃ£o encontra nada Ãºltil.","ReceberÃ¡ opÃ§Ãµes do Narrador, e deverÃ¡ escolher entre elas. Sem saber qual Ã© qual, uma Ã© longa e tem obstÃ¡culos difÃ­ceis, outra Ã© longa e sem muitos obstÃ¡culos, e uma Ã© curta e com obstÃ¡culos mÃ©dios.","Identifica alguns elementos que podem guiÃ¡-lo, mas ainda nÃ£o Ã© capaz de ver um caminho claro e prÃ¡tico. Gastando 1 Energia ele poderÃ¡ chegar atÃ© a entreada por onde veio ou encontrar com algum outro personagem, amigo ou inimigo. / Gastando 1 Energia poderÃ¡ encontrar algo Ãºtil, mas nÃ£o ideal.",ComeÃ§a a se encontrar. Gastando 1 Energia ele consegue chegar ao prÃ³ximo passo da jornada. / Gastando 1 Energia consegue encontrar algo Ãºtil e apropriado pro que vocÃª precisa.,Se encontra com facilidade. Sabe por onde veio e para onde deve ir. / Encontra algo Ãºtil em quantidade suficiente para o que precisa.,âš–ï¸,
CLARIVIDÃŠNCIA,INS,ğŸ”¥,Receba ua pista ou mensagem crÃ­ptica da narraÃ§Ã£o. A dificuldade dependerÃ¡ do quÃ£o misteriosa ou precisa for a mensagem.,,,AÃ§Ã£o BÃ´nus,,ğŸ”,â«,,NarraÃ§Ã£o ,,,"Utilizar tÃ©cnicas divinatÃ³rias como Cristalomancia, Astrologia, Quiromancia, etc., podem dar bÃ´nus.",,,1âš¡,"Seu personagem se frustra de nÃ£o conseguir divinar nenhuma Ãºnica previsÃ£o. Se sentindo desamparado pelas suas habilidades, ele duvida de si e perde 1 Energia., alÃ©m de ficar com Raiva ou Estresse ou Culpa.",VocÃª recebe uma previsÃ£o que pode estar ou totalmente correta ou absurdamente errada.,Seu terceiro olho se recusa a abrir e dar qualquer insight que vÃ¡ alÃ©m dos sentidos.,"Sua clarividÃªncia parece bloqueada por alguma coisa, e precisarÃ¡ de algo externo para destravar.",VocÃª recebe uma resposta vaga e que possibilita muitas interpretaÃ§Ãµes.,"VocÃª receberÃ¡ uma resposta minimamente precisa e especÃ­fica, mas ainda aberta a interpretaÃ§Ãµes.","O Narrador lhe dÃ¡ uma previsÃ£o precisa do presente, ou diz algo nÃ£o muito obscuro ou aberto que deverÃ¡ necessariamente ocorrer no futuro.",âŒ,
PROTEGER OUTREM,SIM,â¤ï¸,Defender outro ao invÃ©s de si mesmo.,,,"AÃ§Ã£o em Conjunto, AÃ§Ã£o",,ğŸ›¡,â«,â•,ATK,RelaÃ§Ã£o ou Afeto,,"Quanto mais forte a relaÃ§Ã£o entre o protetor e o protegido, mais bÃ´nus.",SIM + ProficiÃªncia com FeitiÃ§o + RelaÃ§Ã£o com Protegido + BÃ´nus + 1d3Fixo,,2âš¡,"Acaba agravando a investida do atacante, causando 2x o dano e efeito do ataque.","VocÃª falha, deixando seu protegido vulnerÃ¡vel e vocÃª recebe um marcador de Culpa. Alvo farÃ¡ uma aÃ§Ã£o de resistÃªncia caso nÃ£o seja sua vez e nÃ£o tiver tempo de agir.","Sua proteÃ§Ã£o nÃ£o Ã© capaz de barrar a investida do adversÃ¡rio, mas o ataque Ã© levemente minimizado ao atravessar sua barreira (50% do dano e efeito).","VocÃª precisa improvisar a proteÃ§Ã£o utilizando alguma coisa externa. Se tiver sucesso com essa nova aÃ§Ã£o, seu alvo estarÃ¡ protegido com com o valor da proteÃ§Ã£o de bÃ´nus para defesa.","Seu alvo fica protegido com 1x o ""dano"" de bÃ´nus para defesa.","Seu alvo fica protegido com 2x o ""dano"" de bÃ´nus para defesa.","O dano direcionado ao seu alvo serÃ¡ refletido para o atacante, ou vocÃª protege o seu alvo com sucesso e ganha uma nova vez para agir imediatamente.",ğŸ¤,
CURAR,SIM,â¤ï¸,"Restaurar a saÃºde e tratar ferimentos, recuperando PdV e remover efeitos e condiÃ§Ãµes.",,,AÃ§Ã£o,,â•,ğŸ›¡,,"NarraÃ§Ã£o, MaldiÃ§Ã£o / Infligir Dor",RelaÃ§Ã£o ou Afeto,,Precisa ter os itens necessÃ¡rios.,SIM + ProficiÃªncia com FeitiÃ§o + RelaÃ§Ã£o com Sujeito + BÃ´nus + 1d3Fixo,, 1âš¡*,"VocÃª piora o quadro do alvo. Ele perde 2x o ""dano"" e pode receber algum status negativo aleatÃ³rio, como Ferido, Sangrando, Envenenado, etc. VocÃª receberÃ¡ 2 marcadores de Culpa.","Se atrapalha e nÃ£o Ã© capaz de curar o alvo. Acaba machucando-o um pouco mais, fazendo-o perder 1x ""dano""","Causa dor no alvo, mas nÃ£o Ã© capaz de melhorar nem piorar a situaÃ§Ã£o. SentirÃ¡ Culpa ou Estresse.","VocÃª percebe que para realizar a cura, necessitarÃ¡ de algo que nÃ£o tem no momento.","Alvo recupera 1 ponto de vida e limpa a condiÃ§Ãµes bÃ¡sicas como Ferido, Sangrando, se nÃ£o for algo grave demais.","Alvo recupera atÃ© 1x o ""dano"" e perde algum efeito negativo, desde que com a poÃ§Ã£o ou feitiÃ§os corretos.","Alvo recupera 2x o ""dano"" e perde efeitos negativos, desde que com a poÃ§Ã£o ou feitiÃ§os corretos. Fica estÃ¡vel atÃ© algum tratamento futuro.",âš–ï¸,
PERSUADIR,SIM,â¤ï¸,Convencer outros com argumentos.,,,AÃ§Ã£o,,ğŸ’¬,,,ForÃ§a de Vontade,SensÃ­vel,,,SIM + RelaÃ§Ã£o com Sujeito + BÃ´nus + 1d3Fixo,,,"Alvo nÃ£o cede de forma alguma e na realidade se mostra ainda mais resistente Ã  sua ideia do que estava originalmente. Agora Desconfiado, alvo resistirÃ¡ a investidas futuras com +1d3",Alvo continua resistente e nÃ£o cede.,"NÃ£o estando convencido nem dissuadido, o alvo indica que precisa de algo para ser totalmente convencido.","Alvo estÃ¡ resistente, porÃ©m aceita fazer uma pequena concessÃ£o.",Alvo se mostra aberto a fazer uma consessÃ£o razoÃ¡vel.,"Alvo estÃ¡ praticamente convencido, e aceita ajudar, mas  nÃ£o se torna um aliado.",Alvo fica totalmente convencido da sua proposta e irÃ¡ cooperar com vocÃª nas prÃ³ximas aÃ§Ãµes.,âš–ï¸,
BARGANHAR,SIM,â¤ï¸,Negociar acordos e trocas vantajosas.,,,AÃ§Ã£o,,ğŸ’¬,ğŸ”’,,Barganhar,SensÃ­vel,,,SIM + RelaÃ§Ã£o com Sujeito + BÃ´nus + 1d3Fixo,,,"O alvo nÃ£o aceita sua proposta de maneira nenhuma, e fica ofendido e hostil com a proposta.","A barganha nÃ£o funciona muito bem, e vocÃª acaba tendo que pagar bem mais do que normalmente deveria se ainda quiser o item, e fica com Estresse ou Raiva.","NÃ£o dÃ¡ muito certo, e vocÃª acaba tendo que pagar um pouco mais do que normalmente deveria se ainda quiser o item.",Consegue apenas a promessa de que caso inclua mais um item o qual vocÃª nÃ£o estava disposto a abrir mÃ£o haverÃ¡ um trato feito.,Consegue convencer o alvo a lhe oferecer o item por um preÃ§o razoÃ¡vel.,"Consegue convencer o alvo a lhe oferecer o item por um preÃ§o mÃ­nimo, e ainda ganhar algo mais como cortesia.","VocÃª se dÃ¡ muito bem e faz um negÃ³cio muito vantajoso para vocÃª, que tambÃ©m parece ser muito vantajoso para seu alvo, que acaba ficando satisfeito quanto vocÃª.",âš–ï¸,
SEDUZIR,SIM,â¤ï¸,Encantar e atrair romanticamente.,,,AÃ§Ã£o em Conjunto ,,ğŸ’¬,,,ForÃ§a de Vontade,SensÃ­vel,Focado,,,,,"Alvo percebe sua investida e pode se tornar hostil. Seu personagem fica desmoralizado e envergonhado, e estÃ¡ mais sujeito a IntimidaÃ§Ã£o por um tempo.","NÃ£o cai na sua investida, mas pode fingir que funcionou, sÃ³ para lhe surpreender posteriormente, o que pode ou nÃ£o acontecer.","NÃ£o cai na sua seduÃ§Ã£o, permanecendo indiferente Ã s suas investidas.",Percebe que estÃ¡ prestes a conseguir dar a cartada final para conquistar o alvo. Mas algo estÃ¡ faltando....,Alvo fica interessado e estÃ¡ mais inclinado a fazer o que vocÃª pede.,"Alvo fica bastante interessado, mas vai ficar no seu pÃ©, enquanto segue suas recomendaÃ§Ãµes.","Tem a total atraÃ§Ã£o do alvo, que passa a cooperar com vocÃª e fazer praticamente tudo o que vocÃª recomenda.",âŒ,
INSPIRAR,SIM,â¤ï¸,Motivar e influenciar positivamente. Pode alterar a emoÃ§Ã£o de alguÃ©m para melhorar seus bÃ´nus.,,,AÃ§Ã£o BÃ´nus,,â«,â•,,"NarraÃ§Ã£o, ForÃ§a de Vontade","SensÃ­vel, Afeto, RelaÃ§Ã£o",* Desregulado,,,,1âš¡,"VocÃª falha miseravelmente e acaba piorando o estado do seu alvo, o que te deixa com Culpa e/ou Estresse. VocÃª gasta o dobro da Energia.","Seu alvo se sente inspirado e motivado, mas nÃ£o tem nenhum bÃ´nus para fazer nada. Ele terÃ¡ que fazer um teste de ForÃ§a de Vontade. Se falhar, terÃ¡ que tentar fazer o que vocÃª o inspirou, mesmo sem o bÃ´nus.","Sua tentativa nÃ£o tem resultado no alvo, que lhe ignora veementemente.","NÃ£o consegue de primeira, mas no meio do processo, vocÃª tem uma ideia clara de algo que possa funcionar para inspirar seu alvo. ","Seu alvo estÃ¡ se sentindo um pouco mais inspirado, mas sÃ³ terÃ¡ 1d3 para fazer uma aÃ§Ã£o especÃ­fica determinada pela NarraÃ§Ã£o.","VocÃª consegue mudar uma emoÃ§Ã£o de todos os seus aliados ao redor, ocasionando neles poderem usar o bÃ´nus relacionado a esta emoÃ§Ã£o. ","Consegue deixar as emoÃ§Ãµes do alvo do jeito que vocÃª quiser, dando o bÃ´nus quevem com ela. Seu alvo agora tem mais uma aÃ§Ã£o para realizar imediatamente.",âŒ,
IMPLORAR,SIM,â¤ï¸,Fazer pedidos fervorosos.,,,Rolagem Passiva,,ğŸ”’,ğŸ’¬,,"Resistir SÃºplica, ForÃ§a de Vontade",,,,SIM + RelaÃ§Ã£o com Sujeito + BÃ´nus + 1d3Fixo,,,"O coraÃ§Ã£o do seu adversÃ¡rio se endurece ainda mais, fortalecendo suas defesas contra qualquer tipo de convencimento em +3 de bÃ´nus.","Seu adversÃ¡rio nÃ£o cede Ã  sua sÃºplica, continuando exatamente como antes.","Na medida que vocÃª implora, seu adversÃ¡rio faz um mÃ­nimo alÃ­vio ou concessÃ£o a seu favor.","Seu adversÃ¡rio concorda em atender o que vocÃª suplica, porÃ©m por um preÃ§o ou favor.","Seu adversÃ¡rio atende parcialmente a sua sÃºplica, embora ainda bastante contrariado.","Seu adversÃ¡rio atende a sua sÃºplica, porÃ©m sem mudar de ideia totalmente.","Seu adversÃ¡rio atende a sua sÃºplica, e deixa de fazer o que estava fazendo, ou lhe dÃ¡ o que vocÃª precisa, sem ressalvas. AlÃ©m disso, ele ainda lhe ajuda com algo em seguida.",âš–ï¸,
ACALMAR,SIM,â¤ï¸,"Pacificar indivÃ­duos, ou acalmar criaturas. Pode alterar os sentimentos do alvo, dando-o bÃ´nus do sentimento em questÃ£o.",,,AÃ§Ã£o,,ğŸ’¬,â•,â«,NarraÃ§Ã£o ,SensÃ­vel,,,,,,"Deixa o alvo mais assustado, frenÃ©tico, triste ou agressivo, dando-o +1d3 para as aÃ§Ãµes que condigam com as emoÃ§Ãµes que ele estÃ¡ apresentando.","A incapacidade de acalmar o alvo te desgasta, te deixando com Raiva e gastando 1 Energia.",Alvo nÃ£o se afeta com sua tentativa de acalmÃ¡-lo.,VocÃª percebe o que iria deixar o alvo calmo.,"Alvo se acalma um pouco e deixa de ser uma ameaÃ§a, mas vocÃª fica apreensiv; um marcador de Desconfiado.",Alvo fica calmo e vocÃª fica Satisfeito.,"Consegue deixar o alvo totalmente em paz e sereno, que ganha sua confianÃ§a e se mostra disposto a ajudar.",âŒ,
DOMAR / TREINAR,SIM,â¤ï¸,Controlar e treinar animais ou bestas.,,,AÃ§Ã£o,,ğŸ’¬,,,Desafiar,ExperiÃªncia em Criaturas,seu personagem tiver Medo,Tem bÃ´nus se usar Acalmar ou Intimidar a criatura antes.,,,1âš¡,A criatura que vocÃª tenta domar fica ainda mais hostil ou amedrontada. Ela terÃ¡ +3 de bÃ´nus para fugir ou atacar. Seu personagem gana um marcador de Medo.,"A criatura fica resistente e desconfiada, e terÃ¡ bÃ´nus de +2 para fugir ou atacar. Seu personagem ganha um marcador de Medo.","VocÃª hesita justo antes de conseguir domar a criatura, perdendo o timing e a capacidade de ganhar a dominÃ¢ncia dela.","A criatura parece estar curiosa, e deve existir algo prÃ³ximo que possa ajudar a ganhÃ¡-la totalmente.","A criatura Ã© dissuadida de atacar ou fugir, mas ainda permanece apreensiva.","A criatura dÃ¡ abertura, deixa inclusive ser tocada de leve, sem movimentos bruscos, mas nÃ£o montada, nem oferecerÃ¡ nenhum auxÃ­lio.","A criatura se rende totalmente e confia em vocÃª, de forma que passa a ser sua aliada daÃ­ pra frente. ",âš–ï¸,
CONTATOS,SIM,â¤ï¸,Conhecimento e acesso Ã  rede de contatos.,,,AÃ§Ã£o BÃ´nus,,ğŸ”,â«,,NarraÃ§Ã£o ,,,,SIM + BÃ´nus + 1d3Fixo,,,NÃ£o conhece ninguÃ©m,Conhece alguÃ©m mas nÃ£o consegue lembrar de onde ou como,Conhece alguÃ©m mas em algum lugar perigoso,Conhece alguÃ©m em algum lugar longe ou inacessÃ­vel no momento,Conhece aguÃ©m que conhece alguÃ©m,Conhece alguÃ©m ,Conhece alguÃ©m prÃ³ximo e com fÃ¡cil acesso,âŒ,
RELAÃ‡ÃƒO,SIM,â¤ï¸,Determinar a natureza da relaÃ§Ã£o entre personagens.,,,AÃ§Ã£o BÃ´nus,,ğŸ”,â«,,NarraÃ§Ã£o ,,,,,,,"VocÃª e o alvo sÃ£o inimigos declarados. Tem -1d3 para aÃ§Ãµes de Simpatia, e ganha um marcador de Raiva ou DesconfianÃ§a. ",O alvo nÃ£o gosta do seu personagem por algum motivo que vocÃª desconhece.,Conhece o alvo de vista e ele tem uma antipatia para com o seu personagem.,NÃ£o conhece o alvo.,Conhece o alvo de vista.,Conhece o alvo de cumprimentar e ter uma conviÃªncia harmoniosa. Tem +1d3 ara aÃ§Ãµes de Simpatia com essa pessoa.,Conhece e tem a confianÃ§a e estima do alvo. Tem +2d3 para aÃ§Ãµes de Simpatia com a pessoa. ,âŒ,
SENSIBILIDADE,SIM,â¤ï¸,"Perceber as emoÃ§Ãµes e intenÃ§Ãµes dos outros. â€œLeiaâ€ um personagem, identificando qual tipo de abordagem funcionarÃ¡ melhor, e intuindo quais temas podem ser atrativos ou sensÃ­veis. ",,,AÃ§Ã£o BÃ´nus,,ğŸ”’,ğŸ”,â«,OclumÃªncia,"adv. tiver Afeto, ou DistraÃ­do",Focado ou Desconfiado,"Aplica a condiÃ§Ã£o SensÃ­vel, o que quer dizer que seu personagem estÃ¡ mais suscetÃ­vel a entender com quem estiver interagindo.",SIM + RelaÃ§Ã£o com Sujeito + BÃ´nus + 1d3Fixo,,,"NÃ£o consegue identificar a resposta, mas acaba desenvolvendo um laÃ§o emocional unilateral, que o dificultarÃ¡ o seu personagem causar dano ao alvo, ou ficar quieto caso alguÃ©m o faÃ§a.
Se LegilimÃªncia: Alvo percebe imediatamente que vocÃª estÃ¡ tentando penetrar sua mente e se torna hostil. A oclumÃªncia dele causa um efeito reverso em vocÃª que te deixa sob status Confundido.","NÃ£o consegue identificar nenhuma resposta Ãºtil.
Se LegilimÃªncia: Alvo suspeita que vocÃª estÃ¡ tentando ler sua mente, e se fecha com oclumÃªncia com sucesso. ","Consegue identificar somente a emoÃ§Ã£o externa que o alvo estÃ¡ deixando passar.
Se LegilimÃªncia: Encontra fragmentos confusos e desconexos que tÃªm mais potencial para atrapalhar do que para ajudar.","Desenvolve uma empatia e curiosidade pelo alvo, o que darÃ¡ +1d3 para qualquer aÃ§Ã£o de Simpatia caso consiga interagir mais com ele. 
Se LegilimÃªncia: Ao nÃ£o conseguir clareza na sua tentativa, vocÃª percebe que Ã© necessÃ¡ria uma boa distraÃ§Ã£o para conseguir a brecha que vocÃª precisa.","Consegue identificar a resposta que buscava.
Se LegilimÃªncia: Sua investida Ã© capaz de extrair itens superficiais, que nÃ£o estejam muito profundamente escondidos ou protegidos. O seu alvo saberÃ¡ que vocÃª estÃ¡ usando legilimÃªncia.","Consegue a resposta e de quebra identifica uma vontade a curto prazo do alvo, ou percebe o que o atrai ou repele.
Se LegilimÃªncia: VocÃª ultrapassa as defesas do alvo e consegue extrair itens profundos, porÃ©m em forma simbÃ³lica e nÃ£o tÃ£o clara.","Tem sua resposta, consegue identificar uma ambiÃ§Ã£o intrÃ­nseca, um gosto ou amor essencial, ou um medo profundo facilmente, e tem +1d3 para rolagens de SIM com ele atÃ© ele mudar de emoÃ§Ã£o.
Se LegilimÃªncia: VocÃª consegue percorrer a mente do alvo como um lugar conhecido, extraindo exatamente o que vocÃª precisa, e sem deixar vestÃ­gios.",âŒ,
LIDERAR / COORDENAR,SIM,â¤ï¸,,,,AÃ§Ã£o BÃ´nus,,â«,â•,,NarraÃ§Ã£o,Grupo Coeso,Grupo Descordenado,"Organizar aÃ§Ãµes conjuntas, fazer com que um grupo aja de forma coordenada, aumentar a eficiÃªncia de aliados em tÃ¡ticas em grupo.",SIM + BÃ´nus + 1d3Fixo,,1âš¡,HÃ¡ hesitaÃ§Ã£o e confusÃ£o; a aÃ§Ã£o em grupo tem -1d3 no total final,"Os aliados se desentendem ou agem em momentos errados. A aÃ§Ã£o coletiva falha e gera problemas (como atraso, ruÃ­do, dispersÃ£o).",A coordenaÃ§Ã£o Ã© fraca; cada um age por conta prÃ³pria. Apenas um aliado executa a aÃ§Ã£o como esperado...,"Os aliados executam a aÃ§Ã£o, mas sem benefÃ­cios extras. Independente do tipo de aÃ§Ã£o, apenas o valor do personagem mais alto vale.",A aÃ§Ã£o coordenada soma todos os valores dos participantes ou mÃ©dia (se for o caso) normalmente.,"AlÃ©m da soma normal, o grupo ganha +1d3 bÃ´nus no total.","ExecuÃ§Ã£o perfeita; alÃ©m da soma e bÃ´nus, o grupo pode agir novamente, ou, se for fora de combate, ficam Inspirados por trÃªs aÃ§Ãµes.",âŒ,
MIRAR,RAZ,âš™ï¸,"Apontar com precisÃ£o. Executar algum ataque a um lugar especÃ­fico, que tenha mais a ver com precisÃ£o do que com forÃ§a. Gastar uma aÃ§Ã£o com MIRAR garante bÃ´nus em certas aÃ§Ãµes seguintes.",,,"AÃ§Ã£o, Rolagem Passiva",,âš”,â«,,DEF,Focado,Em movimento,"Precisa nÃ£o estar sob efeito de Raiva ou Estresse, ou ter tido sucesso em Focaar antes. Pode ser usada como oposto de DESVIAR, na forma Rolagem Passiva.","RAZ + ProficiÃªncia com FeitiÃ§o ou Arma + BÃ´nus + 1d3Fixo
",,2âš¡,"Erra feio e acaba acertando algo que causa problemas, como quebrando algo valioso ou perigoso, ou machucando alguÃ©m ou a si.","Erra e sua varinha ou arma cai no chÃ£o, perto de vocÃª.",Erra por um triz.,Acerta de raspÃ£o.,"Acerta numa regiÃ£o nÃ£o muito sÃ©ria, causa Efeito Menor .","Acerta numa regiÃ£o importante mas nÃ£o crÃ­tica, causa Efeito.","Acerta em cheio, causando Dano + Efeito Extra.",âŒ,
PROTEGER-SE,RAZ,âš™ï¸,Criar ou usar escudos para defender-se contra ameaÃ§as.,,,AÃ§Ã£o,,ğŸ›¡,â«,â­¯,ATK,Alerta,,"Com sucesso +2 e crÃ­tico, nÃ£o perde a vez, tendo a chance de revidar.",RAZ + ProficiÃªncia com FeitiÃ§o ou Arma / Valor de DEF + BÃ´nus + 1d3Fixo,,2âš¡,"VocÃª erra e nÃ£o consegue gerar a proteÃ§Ã£o, recebendo o ataque em cheio. E fica Atordoado na prÃ³xima rodada, ou recebe dano extra. Ou faz sua proteÃ§Ã£o e nÃ£o percebe que ela Ã© inÃºtil.","VocÃª erra e nÃ£o consegue gerar a proteÃ§Ã£o, recebendo o ataque em cheio. Ou faz sua proteÃ§Ã£o e percebe que ela Ã© inÃºtil.","VocÃª faz uma proteÃ§Ã£o nÃ£o muito eficaz, e o ataque inimigo lhe atinge, porÃ©m com menor efeito (50%) ao passar pelo escudo.","VocÃª faz uma proteÃ§Ã£o nÃ£o muito eficaz, que ocorre num resultado inesperado.","Se protege do ataque por um triz. Seu escudo se quebra no final na investida do adversÃ¡rio, dando a ele a vez.","Sua proteÃ§Ã£o consegue refletir 50% do ataque com sucesso. Se for uma proteÃ§Ã£o nÃ£o instantÃ¢nea, ela continua ativa.","VocÃª consegue nÃ£o somente refletir o ataque, como tambÃ©m ganha uma vez extra para agir em sequÃªncia. Se for uma proteÃ§Ã£o nÃ£o-instantÃ¢nea, ela permanece ativa pelo dobro do tempo.",ğŸ¤,
FOCAR,RAZ,âš™ï¸,"ConcentraÃ§Ã£o mental e precisÃ£o. Ao gastar uma aÃ§Ã£o com FOCAR, havendo sucesso, ganha a condiÃ§Ã£o Focado, que dÃ¡ bÃ´nus  em certas aÃ§Ãµes seguintes.",,,"AÃ§Ã£o, Rolagem Passiva",,ğŸ”’,â«,â­¯,"Distrair, NarraÃ§Ã£o",Calma,,"AÃ§Ã£o para obter a condiÃ§Ã£o FOCADO, gasta duas energias. Na modalidade Rolagem Passiva, Ã© a defesa contra DISTRAIR e nÃ£o gasta energia.",,,2âš¡,"Fica mais confuso e frustrado. Estresse ou Culpa. Se passivo, nÃ£o percebe o que estÃ¡ vindo e encontra-se na condiÃ§Ã£o DISTRAÃDO, mais vulnerÃ¡vel a ataques. Se estiver executando um feitiÃ§o, algo sai errado e machuca a si, a alguÃ©m ou algo no ambiente.","NÃ£o Ã© capaz de focar, nÃ£o conseguindo realizar a atividade, mas sem deixar nenhum efeito adverso.","Ao focar, fica vulnerÃ¡vel a surpresas externas. Se estiver realizando um feitiÃ§o, pode escolher gastar a prÃ³xima vez para completar a aÃ§Ã£o com Sucesso (+2) ou aceitar a falha e nÃ£o perder sua prÃ³xima vez.","Alterna entre o foco e a distraÃ§Ã£o, e para focar de verdade vai precisar de ajuda, seja mudando de local, ou de algum feitiÃ§o ou poÃ§Ã£o. Se realizando um feitiÃ§o, nÃ£o consegue controle total, produzindo um efeito aquÃ©m do esperado.","Gastando +1 Energia, consegue focar, e conseguir o resultado do Sucesso (+2).","Segue compenetrado apesar das distraÃ§Ãµes. Se realizando feitiÃ§o, consegue efeito e controle parcial.","EstÃ¡ totalmente focado e obstinado no seu propÃ³sito, impossÃ­vel de ser distraÃ­do e receberÃ¡ +1d3 para a prÃ³xima aÃ§Ã£o utilizando esse foco. Se estiver fazendo um feitiÃ§o, consegue seu efeito e controle total.",âŒ,
ENFEITIÃ‡AR / DESENFEITIÃ‡AR,RAZ,âš™ï¸,"FeitiÃ§os de controle ou modificaÃ§Ã£o de propriedades, usando RazÃ£o.",,,AÃ§Ã£o,,âš”,ğŸ’¬,ğŸ”’,DEF,,,,"RAZ + ProficiÃªncia do FeitiÃ§o ou Arma + BÃ´nus +  1d3Fixo
",,1âš¡,"Realiza o feitiÃ§o errado, causando um efeito adverso, muito ruim para si, e muito vantajoso para o adversÃ¡rio.","Realiza o feitiÃ§o errado, causando um efeito adverso.",NÃ£o consegue produzir o feitiÃ§o.,Consegue um efeito inesperado que lhe ajuda mas tambÃ©m atrapalha.,Menor Efeito do feitiÃ§o.,Efeito do feitiÃ§o.,Efeito Extra do feitiÃ§o.,ğŸ¤,
TRANSFORMAR,RAZ,âš™ï¸,"Mudar a forma de objetos ou seres, e usÃ¡-los em seguida.",,,AÃ§Ã£o,,ğŸ’,â­¯,,"NarraÃ§Ã£o, ATK",,,,RAZ + ProficiÃªncia com FeitiÃ§o + BÃ´nus + 1d3Fixo,,1âš¡,Acidentalmente causa uma explosÃ£o mÃ¡gica ou cria um resultado deformado e desastroso e errante que afeta negativamente todos os prÃ³ximos Ã  Ã¡rea.,"Produz algo que, se animado, se revolta contra o jogador. Se nÃ£o animado, causa uma explosÃ£o ou barulho que alerta inimigos prÃ³ximos ou causa algum tipo de atrapalho.","A transformaÃ§Ã£o nÃ£o Ã© bem-sucedida, mas o jogador nÃ£o sofre lesÃµes. Perde 1 Energia alÃ©m do normal.","Produz uma versÃ£o bÃ¡sica da transformaÃ§Ã£o, que nÃ£o cumpre os efeitos desejados totalmente mas tambÃ©m nÃ£o se volta contra si, e tambÃ©m nÃ£o tem o item transformado sob seu controle. Por 1 Energia,  jogador ganha a chance continuar com a vez para reparar e melhorar a situaÃ§Ã£o.","O jogador transforma o objeto ou ser com sucesso, mas o item nÃ£o estÃ¡ necessariamente sob seu controle.","A transformaÃ§Ã£o Ã© bem competente, permitindo que o controle suficiente do o objeto ou ser transformado.","Realiza uma transformaÃ§Ã£o perfeita com nÃ£o somente os efeitos desejados, como efeitos acidentais positivos. ObtÃ©m tambÃ©m total domÃ­nio sobre o objeto ou ser.",âš–ï¸,
CONFECCIONAR / REPARAR,RAZ,âš™ï¸,"Conjurar, confeccionar ou consertar itens.",,,AÃ§Ã£o,,ğŸ’,â•,â­¯,NarraÃ§Ã£o ,Conhecimento,,,RAZ + ProficiÃªncia com FeitiÃ§o ou Ferramentas + BÃ´nus + 1d3Fixo,,2âš¡,O item que vocÃª consegue produzir nÃ£o serve para nada e causa problemas sÃ©rios. VocÃª gasta 1 Energia alÃ©m do normal.,"Seu personagem nÃ£o consegue terminar o item, e perde 2 Energia no processo, alÃ©m de ficar com Estresse ou com Raiva.","Seu personagem nÃ£o sabe, mas o item que produziu pode causar problemas. Seu personagem Ã© obrigado a usÃ¡-lo, jÃ¡ que nÃ£o sabe que ele estÃ¡ defeituoso.","Sua obra fica inacabada ou instÃ¡vel. Ainda pode servir, mas nÃ£o Ã© confiÃ¡vel e poderÃ¡ causar algum problema sÃ©rio. Ou vocÃª consegue terminÃ¡-la mas gasta muito tempo.",O item produzido consegue fazer 50% do propÃ³sito desejado. VocÃª gasta 1 Energia alÃ©m do necessÃ¡rio.,O item produzido fnalizado Ã© capaz de fazer 75% do propÃ³sito desejado.,O item Ã© produzido com sucesso e serve bem para o fim desejado.,âš–ï¸,
PERCEPÃ‡ÃƒO,RAZ,âš™ï¸,"Perceber detalhes e enganaÃ§Ãµes, de forma passiva.",,,Rolagem Passiva,,ğŸ”,ğŸ”’,â«,"NarraÃ§Ã£o, Enganar",Alerta,Escondido,Rolagem Passiva: O narrador solicita uma rolagem para saber se o personagm percebeu algo.,,,,"NÃ£o Ã© capaz de identificar se estÃ¡ sendo enganado ou se Ã© um blefe. NÃ£o tem nenhuma pista ou evidÃªncia. Tem tendÃªncia a concordar com o outro. Recebe um marcador de Afeto para com o interlocutor, dificultando sua resistÃªncia a ele.",NÃ£o Ã© capaz de identificar se estÃ¡ sendo enganado ou manipulado. ,"Fica desconfiado, mas nÃ£o Ã© capaz de identificar vestÃ­gios ou enganaÃ§Ã£o.",ReceberÃ¡ uma resposta vaga do Narrador.,Ã‰ capaz de identificar que estÃ¡ sendo enganado. Nota algo vago no ar. Ganha um marcador de DesconfianÃ§a ou a condiÃ§Ã£o Alerta.,"Faz uma boa leitura da pessoa, da situaÃ§Ã£o ou do ambiente, e receberÃ¡ uma dica do narrador suficientemente reveladora. Ganha um marcador de DesconfianÃ§a ou a condiÃ§Ã£o Alerta.","Ã‰ capaz de resistir a qualquer investida de EnganaÃ§Ã£o ou armadilha, percebendo detalhes nas entrelinhas da mentira. Ganha um marcador de DesconfianÃ§a ou a condiÃ§Ã£o Alerta.",âŒ,
INVESTIGAÃ‡ÃƒO,RAZ,âš™ï¸,Observar detalhes e detectar sutilezas em ambientes e vestÃ­gios de magia.,,,AÃ§Ã£o,,ğŸ”,ğŸ’,â«,,Calma,Furtividade,"Jogador escolhe a Dificuldade e deverÃ¡ alcanÃ§Ã¡-la. Havendo sucesso, terÃ¡ a resposta referente Ã quela Dificuldade.",RAZ + Familiaridade + BÃ´nus + 1d3Fixo,, 1-3âš¡,"Entende pistas falsas, o que farÃ¡ o personagem receber um dado a menos em qualquer rolagem atÃ© fazer o que o seu personagem inferiu erroneamente.",NÃ£o consegue identificar as respostas para as suas perguntas para o Narrador.,"Recebe um marcador de DesconfianÃ§a (se estiver lidando com pessoas), mas nÃ£o Ã© capaz de identificar vestÃ­gios.",ReceberÃ¡ uma resposta vaga do Narrador. Recebe a condiÃ§Ã£o Alerta ou um marcador de DesconfianÃ§a.,"ReceberÃ¡ uma resposta do narrador, ainda que pouco esclarecedora. Recebe a condiÃ§Ã£o Alerta se relevante.","ReceberÃ¡ uma resposta do narrador nÃ£o exatamente precisa, porÃ©m suficientemente reveladora. Recebe a condiÃ§Ã£o Alerta se relevante.","Consegue identificar magia ou rastros com mestria, recebendo respostas precisas e prÃ¡ticas do Narrador. Recebe a condiÃ§Ã£o Alerta se relevante.",âš–ï¸,
OCLUMÃŠNCIA,RAZ,âš™ï¸,Proteger a mente contra leituras indesejadas.,,,Rolagem Passiva,,ğŸ”’,,,"Sensibilidade ",DesconfianÃ§a,o seu Afeto,,RAZ + BÃ´nus + 1d3Fixo,,2âš¡,DÃ¡ total abertura pra leitura da mente e possessÃ£o. Estresse ou Raiva. -1 Energia.,"Seu atacante identifica sua tentativa de bloqueiro, a dribla, e consegue informaÃ§Ãµes mais precisas embora nÃ£o a histÃ³ria toda.","VocÃª fecha sua mente, mas deixa escapar algum detalhe vago que o seu atacante esteja buscando.","Sua mente se fecha e fica impossÃ­vel de extrair algo dela, mas apenas enquanto o seu personagem estiver totalmente concentrado.","O seu atacante nÃ£o consegue alcancar suas memÃ³rias e sentimentos mais Ã­ntimos, apenas os superficiais.","Sua mente fica protegida de qualquer leitura, mas o seu atacante vai ter certeza que vocÃª estÃ¡ bloqueando a mente para ele.","Sua mente fica blindada e impenetrÃ¡vel, embora possa parecer que estÃ¡ vulnerÃ¡vel caso vocÃª queira, nÃ£o deixando o alvo perceber que a tentativa dele de legilimÃªncia nÃ£o deu certo. ",âŒ,
BUSCAR,RAZ,âš™ï¸,Encontrar informaÃ§Ãµes ou objetos.,,,AÃ§Ã£o,,ğŸ”,ğŸ’,,NarraÃ§Ã£o ,Mais de uma pessoa,,,,,2-5âš¡,NÃ£o encontra absolutamente nada Ãºtil e ainda faz uma bagunÃ§a e perde 2 Energia. Ganha 1 medidor de Estresse.,"NÃ£o encontra o que busca, tendo certeza que nÃ£o estÃ¡ aÃ­ (embora esta certeza condiga ou nÃ£o com a realidade). Perde 1 Energia. ","NÃ£o encontra o que busca, mas fica muito interessado na busca, perdendo os prÃ³ximos minutos de aÃ§Ã£o.",Encontra pistas de onde pode encontrar o que busca.,"Encontra algo vago e razoavelmente Ãºtil, ou parte do que busca apenas.",Encontra algo Ãºtil e relativamente completo ou especÃ­fico.,"Caso esteja disponÃ­vel no local, encontra exatamente o que procurava, e ainda encontra algo alÃ©m que pode ajudar grandemente. ",âŒ,
APRENDER,RAZ,âš™ï¸,"Absorver novos conhecimentos atravÃ©s de leitura, aulas ou estudo.",,,AÃ§Ã£o,,ğŸ”,â«,,NarraÃ§Ã£o ,,,,,,2-5âš¡,"NÃ£o consegue aprender o tÃ³pico novo de maneira nenhuma. Ã‰ incapaz de realizar aÃ§Ãµes com ele, e se tentar irÃ¡ se machucar ou machucar alguÃ©m. Fica frustrado; com Raiva ou Estresse. Gasta 2 Energia.",NÃ£o aprende o suficiente para realizar algo com o conhecimento. Gasta 1 Energia.,"NÃ£o Ã© capaz de aprender nada alÃ©m do bÃ¡sico. Se tentar usar o conhecimento, terÃ¡ uma deduÃ§Ã£o de -1d3.",Ainda falta algo para finalizar o aprendizado bÃ¡sico desse conceito.,"Aprende o bÃ¡sico, para conseguir realizar a aÃ§Ã£o, porÃ©m sem nenhum bÃ´nus, e ainda gastarÃ¡ 1 Energia com a dificuldade do principiante.",Aprende o tÃ³pico de forma a nÃ£o gastar energia ao tentar realizÃ¡-lo.,"Consegue adquirir o conhecimento com facilidade, podendo de agora em diante usar +1d3 com rolagens relacionadas a este assunto.",âš–ï¸,
CONHECIMENTO,RAZ,âš™ï¸,Saber ou conhecer algum assunto.,,,AÃ§Ã£o BÃ´nus,,ğŸ”,â«,,NarraÃ§Ã£o ,,,,,,,"Ã‰ completamente ignorante nesse assunto. Tem um bloqueio total, e se tentar fazer alguma coisa nesta Ã¡rea, vai ter deduÃ§Ã£o de -1d3 e perder 1 energia.",NÃ£o sabe nenhuma informaÃ§Ã£o Ãºtil. Ganha um marcador de Culpa ou Estresse.,Sabe alguns fragmentos muito imprecisos que nÃ£o servem pra muita coisa. Perde 1 energia.,"JÃ¡ ouviu falar, mas precisa de algo para ajudar a lembrar. Um livro, uma conversa, etc.",Sabe por alto algum detalhe Ãºtil.,Conhece atÃ© o nÃ­vel intermediÃ¡rio do assunto.,Expert no assunto. Sabe de cabeÃ§a e sem dificuldades. +1d3 para qualquer aÃ§Ã£o que tente fazer com este conhecimento.,âŒ,
RESOLVER ENIGMA,RAZ,âš™ï¸,"Resolver puzzles, charadas e mistÃ©rios.",,,AÃ§Ã£o BÃ´nus,,ğŸ”,,,NarraÃ§Ã£o ,,,,,, 2âš¡,"Jogador estraga o enigma, invalidando-o ou agora tendo que lidar com o fato de tÃª-lo arruinado, inimigos podem aparecer ou o caminho ser bloqueado de vez.",Jogador ganha um medidor de Estresse e perde 1 Energia,"Enigma fica mais difÃ­cil, ou joador perde 1 Energia",ReceberÃ¡ um breve missÃ£o para conseguir uma dica,Recebe uma dica vaga do narrador.,Recebe uma boa dica do narrador,Recebe a resposta certa do narrador,âš–ï¸,
MALDIÃ‡ÃƒO / INFLIGIR DOR,MAL,ğ–¦¹,"Usar maldiÃ§Ãµes, ou causar sofrimento fÃ­sico ou emocional.",,,AÃ§Ã£o,,âš”,,,DEF,"Raiva, SatisfaÃ§Ã£o",,Precisa haver Raiva ou SatisfaÃ§Ã£o. Esta modalidade de combate foca em causar DANO e EFEITO EXTRA.,,,1âš¡,Algo dÃ¡ errado na sua maldiÃ§Ã£o ou tentativa de machucar e volta em vocÃª com a mesma intensidade que vocÃª tinha intencionado ao alvo.,"VocÃª gasta muita energia para tentar realizar esse feito, mas nÃ£o dÃ¡ certo, causando vocÃª gastar energia Ã  toa. (2 Energias).","Seu personagem nÃ£o consegue realizar aÃ§Ã£o de forma que cause algum efeito, lhe deixando com Culpa, com Raiva ou Estresse.",NÃ£o produz nenhum efeito.,Causa apenas o Efeito normal da maldiÃ§Ã£o ou machucado pelo tempo e intensidades 'originais'.,"Sua maldiÃ§Ã£o ou golpe dÃ¡ certo, causando Dano + Efeito Extra, e lhe dando a condiÃ§Ã£o de Satisfeito.","Causa dor e sofrimento imediatos, deixando a vÃ­tima com sÃ©rios efeitos por tempo prolongado. (2x Dano + Efeito Extra)",ğŸ¤,
AZARAR,MAL,ğ–¦¹,"Use feitiÃ§os de controle ou modificaÃ§Ã£o de propriedades, como Jinxes e Hexes, que causam desconforto e efeitos negativos ao alvo. 
",,,AÃ§Ã£o,,âš”,,,DEF,,,"Conhecimento em TransfiguraÃ§Ã£o ou FeitiÃ§os pode afetar bÃ´nus.
Pode causar diversas CondiÃ§Ãµes no alvo.","MAL + ProficiÃªncia com FeitiÃ§o ou Arma + BÃ´nus +  1d3Fixo
",,1âš¡,"Realiza o feitiÃ§o errado, causando um efeito adverso, muito ruim para si, e muito vantajoso para o adversÃ¡rio.","Realiza o feitiÃ§o errado, causando um efeito adverso.",NÃ£o consegue produzir o feitiÃ§o.,Consegue um efeito inesperado que lhe ajuda mas tambÃ©m atrapalha um pouco.,Dano + Menor efeito ou rÃ¡pido efeito,Dano + Efeito,Dano + Efeito Extra,ğŸ¤,
DESVIAR,MAL,ğ–¦¹,Esquivar-se de golpes. Obriga o adversÃ¡rio a fazer um teste de MIRAR. ,,,AÃ§Ã£o,,ğŸ›¡,â­¯,,Mirar,Renunciar a prÃ³xima vez,Focado,"Esta modalidade de combate foca em evitar DANO, e tentar garantir a prÃ³xima vez. 
BÃ´nus:
+ Se jÃ¡ estiver em movimento antes;
+ Se sacrificar sua prÃ³xima aÃ§Ã£o;
- Se estiver sob algum efeito negativo que envolva a capacidade de movimento;","MAL + Velocidade + BÃ´nus + 1d3Fixo
",,1âš¡,"Recebe o impacto em cheio, em um ponto vulnerÃ¡vel, recebendo 2x o Dano determinado no acerto crÃ­tico do ataque.","Recebe o golpe numa regiÃ£o nÃ£o muito importante, mas inconveniente o suficiente para causar dano e consequÃªncias. AlÃ©m disso, vale tambÃ©m o resultado Sucesso (+2) do atacante.","Recebe o golpe de raspÃ£o, com efeitos mÃ­nimos (menos de 50%). Ver o resultado Sucesso Simples (+1) do atacante.","SÃ³ irÃ¡ conseguir desviar ou bloquear se mexer no ambiente, lanÃ§ando algo na frente ou mudando de posiÃ§Ã£o drasticamente. Ganha mais uma aÃ§Ã£o para tentar.","Por pouco, consegue se esquivar totalmente, gastando sua vez. Recebe o Status EM MOVIMENTO.",Consegue desviar numa bela esquiva e tem +1d3 na prÃ³xima aÃ§Ã£o.,NÃ£o somente consegue desviar como estÃ¡ na posiÃ§Ã£o perfeita e com tempo suficiente para contratacar. Ganha mais uma vez. ,âŒ,
EMBOSCAR,MAL,ğ–¦¹,Funciona como se fosse a aÃ§Ã£o SURPREENDER mais um ATAQUE.,,,AÃ§Ã£o,,âš”,â­¯,,DEF,,,"SÃ³ Ã© possÃ­vel se alvo nÃ£o estiver esperando (vocÃª estÃ¡ escondido, ou seu alvo nÃ£o estÃ¡ interagindo com vocÃª, ou Ã© um feitiÃ§o ou aÃ§Ã£o inusitados).","MAL + ProficiÃªncia com FeitiÃ§o ou Resultado da Armadilha + BÃ´nus +  1d3Fixo
",,1âš¡,"Seu adversÃ¡rio/alvo Ã© alertado e e corta na sua vez, neutralizando a sua.",Seu adversÃ¡rio fica desconfiado e tem +1d3 para Proteger.,"Erra a execuÃ§Ã£o, gastando a vez Ã  toa.","Percebe que nÃ£o Ã© a hora ideal para dar o bote, hesitando. Mas terÃ¡ +1d3 na prÃ³xima vez, caso nÃ£o saia desse estado de atenÃ§Ã£o pronto para atacar.",Efeito curto ou menor,Realiza o efeito comum do feitiÃ§o ou golpe,"Dano + Efeito, e seu personagem ganha uma vez.",âš–ï¸,
SURPREENDER,MAL,ğ–¦¹,"Realizar emboscadas e ataques furtivos, ou ou pegar alguÃ©m de surpresa. Use combinado com um aÃ§Ã£o inusitada, inesperada, armadilha ou golpe baixo.",,,AÃ§Ã£o em Conjunto,,â«,â­¯,,PercepÃ§Ã£o ,Escondido,Alerta,"Personagens SURPREENDIDOS tÃªm menos um dado para se defender, e podem perder o FOCO.

Esta tambÃ© Ã© uma aÃ§Ã£o bÃ´nus ao usar feitiÃ§os nÃ£o-verbais. ",,,,"Se atrapalha e se revela antes da surpresa, deixando o inimigo mais preparado que vocÃª. VocÃª perde sua prÃ³xima aÃ§Ã£o e vocÃª terÃ¡ -1d3 na aÃ§Ã£o seguinte.","Deixa o inimigo suspeito antes da sua emboscada. Ele nÃ£o se surpreende com o susto, e na realidade fica mais preparado ainda, ganhando +1d3 na sua prÃ³xima aÃ§Ã£o.","O inimigo fica surpreso, mas consegue se preparar para se defender a tempo. VocÃª sÃ³ conseguirÃ¡ Emboscar ou o bÃ´nus da surpresa se tirar pelo menos +2 na aÃ§Ã£o principal.",VocÃª nÃ£o se sente pronto para sua emboscada. Providencie mais algum elemento para tentar distrair o alvo. VocÃª ganha mais uma aÃ§Ã£o para tentar isso.,"Surpreende o inimigo, que perderÃ¡ uma rodada para tentar se defender.","Pega o inimigo desprevenido, que perderÃ¡ a vez, e vocÃª terÃ¡ +1d3 na prÃ³xima aÃ§Ã£o.","Pega o inimigo totalmente desprevenido e sem estar com a arma pronta na mÃ£o. VocÃª ganha +1d3 nas prÃ³xima aÃ§Ã£o, e seu dano serÃ¡ duplicado caso seja uma aÃ§Ã£o com dano.",âš–ï¸,
DISTRAIR,MAL,ğ–¦¹,"Desviar a atenÃ§Ã£o de outros, interrompendo seu FOCAR, ou preparando algÃ©m para SURPREENDER, ao criar uma distraÃ§Ã£o proposital.",,,AÃ§Ã£o,,â«,â­¯,,Focar,Escondido,Focado,Personagens DISTRAÃDOS tÃªm menos um dado para se defender de ataques aos quais nÃ£o estÃ£o atentos.,,,,"Seu alvo fica mais focado do que antes, e ao tentar distraÃ­-lo, vocÃª perde o foco e fica vulnerÃ¡vel a ataques -1d3 para aÃ§Ãµes relacionadas com PercepÃ§Ã£o ou Proteger-se.","Seu alvo nÃ£o perde o Foco e permanece executando sua aÃ§Ã£o, ciente da sua interferÃªncia, e preparado para reagir enquanto mantÃ©m seu Foco.","No intuito de distrair ou confundir, vocÃª obtÃ©m um pequeno sucesso contra o alvo, mas algo dÃ¡ errado pra vocÃª.","A atenÃ§Ã£o do alvo titubeia e o faz parar por alguns segundos o que estÃ¡ fazendo e sofrer os efeitos em questÃ£o, abrindo espaÃ§o para uma aÃ§Ã£o decisiva, mas retornarÃ¡ Ã  aÃ§Ã£o caso nada com sucesso seja feito imediatamente.",VocÃª consegue fazer o seu alvo perder o Foco que estÃ¡ tentando manter e interromper o processo dele em curso por um tempo.,O alvo Ã© distraÃ­do e comete um erro devido Ã  sua interferÃªncia.,Seu alvo perde totalmente o Foco e estraga o que estava fazendo completamente.,âš–ï¸,
FUGIR,MAL,ğ–¦¹,"Escapar de perseguiÃ§Ãµes ou situaÃ§Ãµes perigosas. seu inimigo, casoqueira apanhÃ¡-lo, vai usar as aÃ§Ãµes ao lado:",,,AÃ§Ã£o,,ğŸ›¡,,,"ATK, Iniciativa / AlcanÃ§ar",Medo,Raiva,,"MAL + Velocidade + BÃ´nus + 1d3Fixo
",,3âš¡,"Cai e se machuca, perdendo pelo menos 1 Energia e 1 Ponto de Vida. Se for aparatando, poderÃ¡ se estrunchar. Ã‰ encurralado ou capturado com facilidade.","ApÃ³s uma breve perseguiÃ§Ã£o, Ã© finalmente encurralado. Se for aparatando, tem receio de aparatar no local por perceber alguma proteÃ§Ã£o ou risco de estrunchamento.","Fica preso em alguma coisa na tentativa de fugir, mas ainda nÃ£o foi encurralado ou capturado totalmente.","EstÃ¡ prestes a fugir, mas algo ocorre que lhe faz hesitar. VoÃª ainda pode escolher fugir ou nÃ£o, porÃ©m deixando rastros e sendo percebido que fugiu.","Foge por pouco, deixando vestÃ­gios.","Foge com sucesso, despistando o inimigo.","Foge com folga, sem deixar nenhum rastro Ã³bvio ou fÃ¡cil de ser seguido.",âŒ,
ENGANAR,MAL,ğ–¦¹,Ludibriar e iludir outros com algo que seu personagem sabe que nÃ£o Ã© verdadeiro.,,,AÃ§Ã£o,,ğŸ’¬,,,PercepÃ§Ã£o ,"AdversÃ¡rio tiver Afeto, ou for Seduzido",Desconfiado,,,,,Alvo nÃ£o fica convencido e se torna hostil. Culpa ou Estresse.,"VocÃª nÃ£o consegue convencer o alvo, que te manda embora ou vai embora.","VocÃª nÃ£o consegue convencer o alvo, que permanece no ambiente como um obstÃ¡culo ou inimigo.","O alvo acredita em partes do que vocÃª disse, mas precisa de algo mais para ser convencido.","O alvo acredita no que vocÃª disse, mas fica desconfiado e com a guarda levantada daÃ­ em diante.","VocÃª convence o alvo, que acredita suficientemente na sua mentira por uma vez e deixa vocÃª em paz.","VocÃª convence o alvo, que cai totalmente no seu papo. Ele fica mais propenso a seguir suas direÃ§Ãµes depois disso. ",âš–ï¸,
MANIPULAR,MAL,ğ–¦¹,"Controlar mentes ou influenciar aÃ§Ãµes. Permite tambÃ©m modificar as emoÃ§Ãµes de alguÃ©m, fazendo-as receber o (b)Ã´nus das emoÃ§Ãµes relevantes.",,,AÃ§Ã£o,,ğŸ’¬,,,"PercepÃ§Ã£o, ForÃ§a de Vontade ","AdversÃ¡rio tiver Afeto, ou for Seduzido",Desconfiado,"Permite tambÃ©m modificar as emoÃ§Ãµes de alguÃ©m, fazendo-as receber o Ã´nus das emoÃ§Ãµes relevantes.",MAL + RelaÃ§Ã£o com Sujeito + BÃ´nus + 1d3Fixo,,,"Alvo se torna hostil, percebendo a tentativa de manipulaÃ§Ã£o. Agora um inimigo, ele terÃ¡ +1d3 para sua prÃ³xima aÃ§Ã£o.","Alvo se torna hostil, percebendo a tentativa de manipulaÃ§Ã£o com clareza. ","Alvo fica desconfiado de que vocÃª pode o estar manipulando, e a sua confianÃ§a se perde. Ele nÃ£o aceita sua proposta.","Alvo cai na sua lÃ¡bia parcialmente e fica disposto a fazer uma pequena consessÃ£o, porÃ©m ciente de seu jogo-sujo e se demosntra a contra-gosto, o que pode significar que ele ainda pode agir contra vocÃª.","Alvo toma consciÃªncida de que estÃ¡ sendo manipulado, mas tenta entrar no jogo para ver se tem algo a ganhar com a situaÃ§Ã£o.","Alvo aceita sua investida e fica disposto a fazer uma consessÃ£o. VocÃª consege mudar uma emoÃ§Ã£o do alvo, deixando-o com bÃ´nus negativo por conta desta emoÃ§Ã£o.","AlÃ©m do sucesso do convencimento, o alvo nÃ£o tem a menor ideia de que estÃ¡ sendo manipulado, e topa ajudÃ¡-lo com praticamente qualquer coisa daÃ­ em diante. VocÃª consege mudar totalmente as emoÃ§Ãµes do alvo, deixando-o com bÃ´nus negativo das emoÃ§Ãµes mencionadas. ",âš–ï¸,
RESISTIR SÃšPLICA,MAL,ğ–¦¹,NÃ£o ceder a pedidos ou apelos emocionais.,,,Rolagem Passiva,,ğŸ”’,,,Implorar,,SatisfaÃ§Ã£o,,,,,"VocÃª nÃ£o consegue continuar e cede imediatamente, se sentindo com Culpa e perdendo 1 Energia.",VocÃª nÃ£o resiste ao pedido e acaba cedendo.,"VocÃª insiste mas acaba cedendo, apÃ³s concordar com uma concessÃ£o.","VocÃª se mantÃ©m inafetado Ã  sÃºplica, mas sente Culpa inevitavelmente.","Seu alvo implora, mas vocÃª segue firme na sua resoluÃ§Ã£o, porÃ©m alivia um pouco o que estÃ¡ causando a sÃºplica e ganha um medidor de Culpa.","VocÃª mantÃ©m sua cabeÃ§a, inalterado pela sÃºplica.",VocÃª permanece intransigente quanto ao que lhe estÃ£o suplicando. Ganha tambÃ©m um marcador de Satisfeito.,âŒ,
FURTIVIDADE,MAL,ğ–¦¹,Mover-se silenciosamente e passar despercebido.,,,AÃ§Ã£o BÃ´nus,,â«,,,"PercepÃ§Ã£o, ClarividÃªncia",estiver Escuro,Alerta,,,,1âš¡,"Ã‰ detectado por todos os inimigos imediatamente, se machucando no processo.","Ã‰ detectado por pelo menos um inimigo, que sabe exatemente onde vocÃª estÃ¡.","Ã‰ detectado por um inimigo, que estarÃ¡ alerta e que deverÃ¡ fazer uma rolagem de percepÃ§Ã£o para encontrar vocÃª.","A presenÃ§a de alguÃ©m Ã© detectada pelos inimigos, mas nÃ£o sabem exatamente onde nem o que.","Sua presenÃ§a Ã© detectada, mas um inimigo acha que vocÃª Ã© um deles ou algum item do ambiente, o que nÃ£o deixa a pessoa alerta. Ela poderÃ¡ interagir Ã  distÃ¢ncia e acabar revelando algum detalhe Ãºtil para vocÃª.","Se continuar se movendo de maneira comedida, continuarÃ¡ indetectado pelos inimigos.","Consegue se mover completamente indetectado, tendo +1d3 para Surpreender, Intimidar ou Distrair em seguida.",âŒ,
ROUBAR / PLANTAR,MAL,ğ–¦¹,Pegar ou esconder itens sem ser detectado.,,,AÃ§Ã£o,,ğŸ’,,,"PercepÃ§Ã£o, NarraÃ§Ã£o ",Escondido,"Alerta, Desconfiado",,,,,Ã‰ percebido pelo inimigo imediatamente.,"NÃ£o consegue pegar o item, mas deixa o inimigo desconfiado. OutrÃ©m deverÃ¡ distraÃ­-lo imediatamente antes que ele perceba e fique hostil, na maioria das vezes.","NÃ£o consegue pegar o item, mas tambÃ©m nÃ£o Ã© notado. ","Consegue pegar/plantar o item, mas deixa o inimigo desconfiado. DeverÃ¡ distraÃ­-lo imediatamente antes que ele perceba.","Consegue pegar/plantar o item, sem este detectar que vocÃª foi quem roubou/plantou, mas dentro de alguns momentos ele irÃ¡ perceber que o item estÃ¡ faltando/nele, porÃ©m sem necessariamente desconfiar de vocÃª.",Consegue pegar ou depositar o item sem nenhuma detecÃ§Ã£o.,Consegue pegar ou depositar o objeto sem nenhuma detecÃ§Ã£o e ainda encontra mais algo de bÃ´nus.,âŒ,
MANUSEAR,MAL,ğ–¦¹,Lidar com mecanismos e dispositivos.,,,AÃ§Ã£o,,,,,NarraÃ§Ã£o ,Calma,,,,,,"NÃ£o consegue utilizar o item e ele se quebra no processo, ficando inutilizÃ¡vel.",NÃ£o consegue utilizar as mÃ£os para o fim desejado e se machuca com o item.,"VocÃª consegue manusear o item para realizar seu objetivo, mas danifica o item no processo, ou consegue manuseÃ¡-lo corretamente apenas depois de muito tempo.",Tem alguma coisa faltando para que vocÃª consiga manusear o item corretamente; vocÃª precisa de uma outra ideia.,"VocÃª consegue usar o item de forma satisfatÃ³ria depois de algumas tentativas, conseguindo realizar a atividade, mas gastando 1 Energia.",VocÃª Ã© capaz de manusear o item de forma satisfatÃ³ria.,"VocÃª manuseia o item com maestria e destreza, realizando perfeitamente a atividade desejada.",âŒ,
RECURSOS,-,-,AÃ§Ã£o para descobrir se o personagem tem algo que precisa e que nÃ£o foi mencionado na narraÃ§Ã£o ainda.,,,AÃ§Ã£o BÃ´nus,,ğŸ’,,,NarraÃ§Ã£o ,for Coerente,,,,,,NÃ£o tem o item e tem azar em relaÃ§Ã£o a ele: terÃ¡ -1d3 em qualquer rolagem daqui pra frente com o intuito de adquirir este item.,"NÃ£o tem, mas pode conseguir se fizer algo desafiador ou distante.","NÃ£o tem, mas pode conseguir se fizer algo simples.","Tem o item que precisa, mas nÃ£o estÃ¡ com vocÃª agora.","Tem o item que precisa, mas nÃ£o Ã© seu ou nÃ£o estÃ¡ em bom estado ou Ã© falso.",Tem o item que precisa.,Tem nÃ£o sÃ³ isso como tem mais algo muito valioso.,âŒ,
MUNDO,-,-,"3 - Trivial (realizÃ¡vel sem esforÃ§o significativo); 6 - Moderado (exige atenÃ§Ã£o e um pouco de habilidade); 9 - Desafiador; 12 - DifÃ­cil (exige esforÃ§o considerÃ¡vel para ser alcanÃ§ado); 15 - DificÃ­limo; 18 - HercÃºleo (extremamente difÃ­cil, exige habilidades extraordinÃ¡rias); 21 - ImpraticÃ¡vel (possÃ­vel na teoria, mas quase impossÃ­vel na prÃ¡tica)",,,-,,,,,Jogador,,,Para rolagens nÃ£o necessariamente contra um NPC ou outro Jogador,,,,,,,,,,,,